100,NEM12,200505181432,ENOSI,NEMMCO
200,4123456789,E1B1,E1,E1,E1,B1234567,KWH,5,20260211
300,20251227,0.5120,0.4930,0.4170,0.3730,0.3850,0.4170,0.3900,0.4020,0.3910,0.3730,0.4830,0.5080,0.4060,0.4040,0.3640,0.3780,0.3070,0.2620,0.3280,0.2940,0.2930,0.3320,0.2960,0.3290,0.3060,0.2550,0.2920,0.2890,0.4040,0.4200,0.4030,0.4130,0.3780,0.3430,0.4050,0.3440,0.3590,0.3320,0.3050,0.3180,0.2850,0.2770,0.3250,0.2960,0.3140,0.3390,0.2970,0.3240,0.3060,0.3010,0.3900,0.3250,0.3110,0.3310,0.3200,0.3810,0.3060,0.2720,0.3150,0.2980,0.2760,0.2470,0.2160,0.3190,0.3180,0.3060,0.3310,0.2980,0.3140,0.3180,0.2420,0.2760,0.2570,0.2330,0.2700,0.2430,0.2530,0.2610,0.2200,0.3910,0.3660,0.3130,0.2800,0.2280,0.2330,0.2430,0.1850,0.2040,0.2230,0.1830,0.1930,0.1150,0.0730,0.0940,0.0230,0.0070,0.0040,0.0040,0.0000,0.0000,0.0000,0.0000,0.0000,0.0000,0.0320,0.0090,0.1130,0.0280,0.0230,0.0000,0.0000,0.0040,0.0010,0.0000,0.0000,0.0000,0.0000,0.0000,0.0000,0.0000,0.0000,0.0000,0.0000,0.0000,0.0000,0.0000,0.0000,0.0000,0.1710,0.0000,0.0000,0.1780,0.0000,0.0000,0.1930,0.0000,0.0000,0.0000,0.0000,0.0000,0.0000,0.0000,0.0000,0.0000,0.0000,0.0000,0.0000,0.0000,0.0000,0.0000,0.0000,0.0000,0.0000,0.0000,0.0000,0.0000,0.0000,0.0000,0.0000,0.0000,0.0000,0.0000,0.0000,0.0000,0.0000,0.0000,0.0000,0.0000,0.0000,0.0000,0.0000,0.0000,0.0000,0.0000,0.0000,0.0000,0.0000,0.0000,0.0000,0.0000,0.0000,0.0000,0.0000,0.0000,0.0000,0.0000,0.0000,0.0190,0.0020,0.0000,0.0000,0.0000,0.0050,0.0140,0.0220,0.0130,0.0640,0.0440,0.0700,0.2380,0.1860,0.1960,0.2000,0.1410,0.0580,0.0170,0.0030,0.0170,0.0750,0.0370,0.0820,0.1060,0.1000,0.1240,0.0900,0.1430,0.1460,0.1510,0.2060,0.1830,0.2180,0.2280,0.1970,0.2380,0.2190,0.1940,0.2420,0.2130,0.2200,0.2300,0.1940,0.2660,0.4730,0.4500,0.5530,0.5600,0.5680,0.6040,0.5620,0.5870,0.6150,0.5770,0.6100,0.6000,0.5710,0.6140,0.5810,0.5820,0.6090,0.5720,0.6590,0.6520,0.7140,0.8750,0.7740,0.8690,0.9730,0.9240,1.0040,0.9260,0.9540,0.9420,0.9540,0.9040,0.9130,0.8790,0.9200,0.8610,0.8650,0.9030,0.8840,0.9090,0.8910,0.7720,0.7800,0.7550,0.7470,0.8830,0.8760,0.8310,0.7710,0.7040,0.7240,0.7540,0.8530,0.8490,0.7540,0.7180,V,,,20251228011206,
400,1,60,A,,
400,61,61,A,79,
400,62,288,A,,
500,O,,20251228000000,079499.641
200,4123456789,E1B1,B1,B1,B1,B1234567,KWH,5,20260211
300,20251227,0.0000,0.0000,0.0000,0.0000,0.0000,0.0000,0.0000,0.0000,0.0000,0.0000,0.0000,0.0000,0.0000,0.0000,0.0000,0.0000,0.0000,0.0000,0.0000,0.0000,0.0000,0.0000,0.0000,0.0000,0.0000,0.0000,0.0000,0.0000,0.0000,0.0000,0.0000,0.0000,0.0000,0.0000,0.0000,0.0000,0.0000,0.0000,0.0000,0.0000,0.0000,0.0000,0.0000,0.0000,0.0000,0.0000,0.0000,0.0000,0.0000,0.0000,0.0000,0.0000,0.0000,0.0000,0.0000,0.0000,0.0000,0.0000,0.0000,0.0000,0.0000,0.0000,0.0000,0.0000,0.0000,0.0000,0.0000,0.0000,0.0000,0.0000,0.0000,0.0000,0.0000,0.0000,0.0000,0.0000,0.0000,0.0000,0.0000,0.0000,0.0000,0.0000,0.0000,0.0000,0.0000,0.0000,0.0000,0.0000,0.0000,0.0000,0.0000,0.0000,0.0000,0.0000,0.0170,0.0400,0.0540,0.1690,0.1730,0.2440,0.2320,0.2400,0.3070,0.2730,0.0240,0.0480,0.0170,0.0340,0.1590,0.3290,0.4210,0.1430,0.1240,0.1670,0.2100,0.3860,0.3710,0.2060,0.1680,0.3940,0.4270,0.3920,0.4480,0.4470,0.4280,0.4480,0.4390,0.4310,0.0640,0.3180,0.4450,0.0430,0.3560,0.4490,0.0590,0.3600,0.5000,0.4820,0.5650,0.5720,0.5390,0.5650,0.5430,0.5470,0.5780,0.5330,0.5690,0.5760,0.5530,0.6200,0.5850,0.5880,0.5870,0.5780,0.6130,0.6050,0.5490,0.6050,0.5570,0.4580,0.4770,0.5630,0.5390,0.5510,0.5830,0.4430,0.5850,0.5460,0.5410,0.5600,0.4840,0.4970,0.4790,0.3430,0.1860,0.2020,0.1000,0.0410,0.1300,0.1250,0.1820,0.1490,0.2100,0.1510,0.1440,0.1530,0.0960,0.0860,0.0860,0.0540,0.0810,0.0150,0.0500,0.0150,0.0180,0.0140,0.0000,0.0000,0.0000,0.0000,0.0000,0.0000,0.0000,0.0210,0.0150,0.0410,0.0290,0.0220,0.0000,0.0040,0.0000,0.0000,0.0000,0.0000,0.0000,0.0000,0.0000,0.0000,0.0000,0.0000,0.0000,0.0000,0.0000,0.0000,0.0000,0.0000,0.0000,0.0000,0.0000,0.0000,0.0000,0.0000,0.0000,0.0000,0.0000,0.0000,0.0000,0.0000,0.0000,0.0000,0.0000,0.0000,0.0000,0.0000,0.0000,0.0000,0.0000,0.0000,0.0000,0.0000,0.0000,0.0000,0.0000,0.0000,0.0000,0.0000,0.0000,0.0000,0.0000,0.0000,0.0000,0.0000,0.0000,0.0000,0.0000,0.0000,0.0000,0.0000,0.0000,0.0000,0.0000,0.0000,0.0000,0.0000,0.0000,0.0000,0.0000,0.0000,0.0000,0.0000,0.0000,0.0000,0.0000,0.0000,0.0000,0.0000,0.0000,0.0000,V,,,20251228011206,
400,1,60,A,,
400,61,61,A,79,
400,62,288,A,,
500,O,,20251228000000,027575.424
900
